query_id,num_relevant,ranking_size,average_precision,precision_at_5,recall_at_5,false_positives_at_5,precision_at_10,recall_at_10,false_positives_at_10,method,face_weight,global_weight,face_query_extraction_ms,retrieval_backend_ms
gallagher_id2_q1,301,588,0.9643389381632863,0.8,0.013289036544850499,1,0.9,0.029900332225913623,1,face_only,1.0,0.0,630.3885999996055,0.2480950000062876
gallagher_id3_q1,216,588,0.9004573479224414,1.0,0.023148148148148147,0,1.0,0.046296296296296294,0,face_only,1.0,0.0,392.7340999998705,0.2480950000062876
gallagher_id1_q1,160,588,0.9803069981732779,1.0,0.03125,0,1.0,0.0625,0,face_only,1.0,0.0,409.81680000004417,0.2480950000062876
gallagher_id8_q1,67,588,0.9561716631163275,1.0,0.07462686567164178,0,1.0,0.14925373134328357,0,face_only,1.0,0.0,367.0156999996834,0.2480950000062876
gallagher_id9_q1,28,588,1.0,1.0,0.17857142857142858,0,1.0,0.35714285714285715,0,face_only,1.0,0.0,615.1903999998467,0.2480950000062876
gallagher_id5_q1,19,588,0.992822966507177,1.0,0.2631578947368421,0,1.0,0.5263157894736842,0,face_only,1.0,0.0,433.7861999993038,0.2480950000062876
gallagher_id4_q1,14,588,0.8824583284210615,1.0,0.35714285714285715,0,0.8,0.5714285714285714,2,face_only,1.0,0.0,390.75169999978243,0.2480950000062876
gallagher_id6_q1,14,588,0.9338169766741194,1.0,0.35714285714285715,0,0.9,0.6428571428571429,1,face_only,1.0,0.0,598.4210000005987,0.2480950000062876
gallagher_id15_q1,10,588,0.8891117216117215,1.0,0.5,0,0.8,0.8,2,face_only,1.0,0.0,408.42629999951896,0.2480950000062876
gallagher_id23_q1,8,588,0.9861111111111112,1.0,0.625,0,0.8,1.0,2,face_only,1.0,0.0,438.17179999950895,0.2480950000062876
gallagher_id12_q1,7,588,1.0,1.0,0.7142857142857143,0,0.7,1.0,3,face_only,1.0,0.0,448.38090000030206,0.2480950000062876
gallagher_id25_q1,7,588,0.7683150183150184,0.8,0.5714285714285714,1,0.4,0.5714285714285714,6,face_only,1.0,0.0,654.0107000000717,0.2480950000062876
gallagher_id21_q1,6,588,0.9583333333333334,1.0,0.8333333333333334,0,0.6,1.0,4,face_only,1.0,0.0,457.35139999942476,0.2480950000062876
gallagher_id7_q1,5,588,1.0,1.0,1.0,0,0.5,1.0,5,face_only,1.0,0.0,387.8373000006832,0.2480950000062876
gallagher_id14_q1,4,588,1.0,0.8,1.0,1,0.4,1.0,6,face_only,1.0,0.0,386.41260000076727,0.2480950000062876
gallagher_id19_q1,4,588,0.95,0.8,1.0,1,0.4,1.0,6,face_only,1.0,0.0,391.2552000001597,0.2480950000062876
gallagher_id27_q1,4,588,0.95,0.8,1.0,1,0.4,1.0,6,face_only,1.0,0.0,392.04349999999977,0.2480950000062876
gallagher_id32_q1,4,588,1.0,0.8,1.0,1,0.4,1.0,6,face_only,1.0,0.0,475.61490000043705,0.2480950000062876
gallagher_id26_q1,3,588,0.9166666666666666,0.6,1.0,2,0.3,1.0,7,face_only,1.0,0.0,412.9371999997602,0.2480950000062876
gallagher_id28_q1,3,588,1.0,0.6,1.0,2,0.3,1.0,7,face_only,1.0,0.0,708.4775999992416,0.2480950000062876
gallagher_id2_q1,301,588,0.503865229688003,0.2,0.0033222591362126247,4,0.3,0.009966777408637873,7,global_context_only,0.0,1.0,630.3885999996055,0.2476199999819073
gallagher_id3_q1,216,588,0.4607235027923628,0.6,0.013888888888888888,2,0.7,0.032407407407407406,3,global_context_only,0.0,1.0,392.7340999998705,0.2476199999819073
gallagher_id1_q1,160,588,0.3977805712056789,0.0,0.0,5,0.2,0.0125,8,global_context_only,0.0,1.0,409.81680000004417,0.2476199999819073
gallagher_id8_q1,67,588,0.1141176621666049,0.2,0.014925373134328358,4,0.2,0.029850746268656716,8,global_context_only,0.0,1.0,367.0156999996834,0.2476199999819073
gallagher_id9_q1,28,588,0.20235826975428642,0.6,0.10714285714285714,2,0.5,0.17857142857142858,5,global_context_only,0.0,1.0,615.1903999998467,0.2476199999819073
gallagher_id5_q1,19,588,0.06041843292221339,0.0,0.0,5,0.0,0.0,10,global_context_only,0.0,1.0,433.7861999993038,0.2476199999819073
gallagher_id4_q1,14,588,0.0983899840502239,0.2,0.07142857142857142,4,0.1,0.07142857142857142,9,global_context_only,0.0,1.0,390.75169999978243,0.2476199999819073
gallagher_id6_q1,14,588,0.16439602048766516,0.4,0.14285714285714285,3,0.2,0.14285714285714285,8,global_context_only,0.0,1.0,598.4210000005987,0.2476199999819073
gallagher_id15_q1,10,588,0.2882214585053011,0.6,0.3,2,0.3,0.3,7,global_context_only,0.0,1.0,408.42629999951896,0.2476199999819073
gallagher_id23_q1,8,588,0.01693919905361342,0.0,0.0,5,0.0,0.0,10,global_context_only,0.0,1.0,438.17179999950895,0.2476199999819073
gallagher_id12_q1,7,588,0.01600694808894488,0.0,0.0,5,0.0,0.0,10,global_context_only,0.0,1.0,448.38090000030206,0.2476199999819073
gallagher_id25_q1,7,588,0.012875742398588649,0.0,0.0,5,0.0,0.0,10,global_context_only,0.0,1.0,654.0107000000717,0.2476199999819073
gallagher_id21_q1,6,588,0.018994324044998404,0.0,0.0,5,0.0,0.0,10,global_context_only,0.0,1.0,457.35139999942476,0.2476199999819073
gallagher_id7_q1,5,588,0.016741220110139104,0.0,0.0,5,0.0,0.0,10,global_context_only,0.0,1.0,387.8373000006832,0.2476199999819073
gallagher_id14_q1,4,588,0.008387587946244023,0.0,0.0,5,0.0,0.0,10,global_context_only,0.0,1.0,386.41260000076727,0.2476199999819073
gallagher_id19_q1,4,588,0.6178571428571429,0.4,0.5,3,0.4,1.0,6,global_context_only,0.0,1.0,391.2552000001597,0.2476199999819073
gallagher_id27_q1,4,588,0.6791666666666667,0.8,1.0,1,0.4,1.0,6,global_context_only,0.0,1.0,392.04349999999977,0.2476199999819073
gallagher_id32_q1,4,588,0.2611810356071475,0.2,0.25,4,0.1,0.25,9,global_context_only,0.0,1.0,475.61490000043705,0.2476199999819073
gallagher_id26_q1,3,588,0.6788617886178862,0.4,0.6666666666666666,3,0.2,0.6666666666666666,8,global_context_only,0.0,1.0,412.9371999997602,0.2476199999819073
gallagher_id28_q1,3,588,1.0,0.6,1.0,2,0.3,1.0,7,global_context_only,0.0,1.0,708.4775999992416,0.2476199999819073
gallagher_id2_q1,301,588,0.9588443948371305,0.8,0.013289036544850499,1,0.9,0.029900332225913623,1,fusion_0p9_0p1,0.9,0.1,630.3885999996055,0.2665450000222336
gallagher_id3_q1,216,588,0.8999895964083746,1.0,0.023148148148148147,0,1.0,0.046296296296296294,0,fusion_0p9_0p1,0.9,0.1,392.7340999998705,0.2665450000222336
gallagher_id1_q1,160,588,0.9761066445522892,1.0,0.03125,0,1.0,0.0625,0,fusion_0p9_0p1,0.9,0.1,409.81680000004417,0.2665450000222336
gallagher_id8_q1,67,588,0.9540782038034341,1.0,0.07462686567164178,0,1.0,0.14925373134328357,0,fusion_0p9_0p1,0.9,0.1,367.0156999996834,0.2665450000222336
gallagher_id9_q1,28,588,1.0,1.0,0.17857142857142858,0,1.0,0.35714285714285715,0,fusion_0p9_0p1,0.9,0.1,615.1903999998467,0.2665450000222336
gallagher_id5_q1,19,588,0.992822966507177,1.0,0.2631578947368421,0,1.0,0.5263157894736842,0,fusion_0p9_0p1,0.9,0.1,433.7861999993038,0.2665450000222336
gallagher_id4_q1,14,588,0.8678865906350379,1.0,0.35714285714285715,0,0.8,0.5714285714285714,2,fusion_0p9_0p1,0.9,0.1,390.75169999978243,0.2665450000222336
gallagher_id6_q1,14,588,0.9338169766741194,1.0,0.35714285714285715,0,0.9,0.6428571428571429,1,fusion_0p9_0p1,0.9,0.1,598.4210000005987,0.2665450000222336
gallagher_id15_q1,10,588,0.8849450549450548,1.0,0.5,0,0.8,0.8,2,fusion_0p9_0p1,0.9,0.1,408.42629999951896,0.2665450000222336
gallagher_id23_q1,8,588,0.9861111111111112,1.0,0.625,0,0.8,1.0,2,fusion_0p9_0p1,0.9,0.1,438.17179999950895,0.2665450000222336
gallagher_id12_q1,7,588,1.0,1.0,0.7142857142857143,0,0.7,1.0,3,fusion_0p9_0p1,0.9,0.1,448.38090000030206,0.2665450000222336
gallagher_id25_q1,7,588,0.7588435374149661,0.8,0.5714285714285714,1,0.4,0.5714285714285714,6,fusion_0p9_0p1,0.9,0.1,654.0107000000717,0.2665450000222336
gallagher_id21_q1,6,588,0.9583333333333334,1.0,0.8333333333333334,0,0.6,1.0,4,fusion_0p9_0p1,0.9,0.1,457.35139999942476,0.2665450000222336
gallagher_id7_q1,5,588,1.0,1.0,1.0,0,0.5,1.0,5,fusion_0p9_0p1,0.9,0.1,387.8373000006832,0.2665450000222336
gallagher_id14_q1,4,588,0.95,0.8,1.0,1,0.4,1.0,6,fusion_0p9_0p1,0.9,0.1,386.41260000076727,0.2665450000222336
gallagher_id19_q1,4,588,0.8875,0.8,1.0,1,0.4,1.0,6,fusion_0p9_0p1,0.9,0.1,391.2552000001597,0.2665450000222336
gallagher_id27_q1,4,588,1.0,0.8,1.0,1,0.4,1.0,6,fusion_0p9_0p1,0.9,0.1,392.04349999999977,0.2665450000222336
gallagher_id32_q1,4,588,1.0,0.8,1.0,1,0.4,1.0,6,fusion_0p9_0p1,0.9,0.1,475.61490000043705,0.2665450000222336
gallagher_id26_q1,3,588,0.9166666666666666,0.6,1.0,2,0.3,1.0,7,fusion_0p9_0p1,0.9,0.1,412.9371999997602,0.2665450000222336
gallagher_id28_q1,3,588,1.0,0.6,1.0,2,0.3,1.0,7,fusion_0p9_0p1,0.9,0.1,708.4775999992416,0.2665450000222336
gallagher_id2_q1,301,588,0.935377493266818,0.8,0.013289036544850499,1,0.9,0.029900332225913623,1,fusion_0p7_0p3,0.7,0.3,630.3885999996055,0.22702500000377768
gallagher_id3_q1,216,588,0.8811038632564292,1.0,0.023148148148148147,0,1.0,0.046296296296296294,0,fusion_0p7_0p3,0.7,0.3,392.7340999998705,0.22702500000377768
gallagher_id1_q1,160,588,0.9638583965133891,1.0,0.03125,0,1.0,0.0625,0,fusion_0p7_0p3,0.7,0.3,409.81680000004417,0.22702500000377768
gallagher_id8_q1,67,588,0.9354105944760304,1.0,0.07462686567164178,0,1.0,0.14925373134328357,0,fusion_0p7_0p3,0.7,0.3,367.0156999996834,0.22702500000377768
gallagher_id9_q1,28,588,1.0,1.0,0.17857142857142858,0,1.0,0.35714285714285715,0,fusion_0p7_0p3,0.7,0.3,615.1903999998467,0.22702500000377768
gallagher_id5_q1,19,588,0.992822966507177,1.0,0.2631578947368421,0,1.0,0.5263157894736842,0,fusion_0p7_0p3,0.7,0.3,433.7861999993038,0.22702500000377768
gallagher_id4_q1,14,588,0.7873618445047016,0.6,0.21428571428571427,2,0.8,0.5714285714285714,2,fusion_0p7_0p3,0.7,0.3,390.75169999978243,0.22702500000377768
gallagher_id6_q1,14,588,0.903950029895408,0.8,0.2857142857142857,1,0.9,0.6428571428571429,1,fusion_0p7_0p3,0.7,0.3,598.4210000005987,0.22702500000377768
gallagher_id15_q1,10,588,0.8177716238010355,0.8,0.4,1,0.7,0.7,3,fusion_0p7_0p3,0.7,0.3,408.42629999951896,0.22702500000377768
gallagher_id23_q1,8,588,0.9704861111111112,1.0,0.625,0,0.8,1.0,2,fusion_0p7_0p3,0.7,0.3,438.17179999950895,0.22702500000377768
gallagher_id12_q1,7,588,1.0,1.0,0.7142857142857143,0,0.7,1.0,3,fusion_0p7_0p3,0.7,0.3,448.38090000030206,0.22702500000377768
gallagher_id25_q1,7,588,0.6858124018838304,0.8,0.5714285714285714,1,0.4,0.5714285714285714,6,fusion_0p7_0p3,0.7,0.3,654.0107000000717,0.22702500000377768
gallagher_id21_q1,6,588,0.9107142857142857,0.8,0.6666666666666666,1,0.6,1.0,4,fusion_0p7_0p3,0.7,0.3,457.35139999942476,0.22702500000377768
gallagher_id7_q1,5,588,1.0,1.0,1.0,0,0.5,1.0,5,fusion_0p7_0p3,0.7,0.3,387.8373000006832,0.22702500000377768
gallagher_id14_q1,4,588,0.65,0.6,0.75,2,0.4,1.0,6,fusion_0p7_0p3,0.7,0.3,386.41260000076727,0.22702500000377768
gallagher_id19_q1,4,588,0.6791666666666667,0.8,1.0,1,0.4,1.0,6,fusion_0p7_0p3,0.7,0.3,391.2552000001597,0.22702500000377768
gallagher_id27_q1,4,588,1.0,0.8,1.0,1,0.4,1.0,6,fusion_0p7_0p3,0.7,0.3,392.04349999999977,0.22702500000377768
gallagher_id32_q1,4,588,1.0,0.8,1.0,1,0.4,1.0,6,fusion_0p7_0p3,0.7,0.3,475.61490000043705,0.22702500000377768
gallagher_id26_q1,3,588,0.9166666666666666,0.6,1.0,2,0.3,1.0,7,fusion_0p7_0p3,0.7,0.3,412.9371999997602,0.22702500000377768
gallagher_id28_q1,3,588,1.0,0.6,1.0,2,0.3,1.0,7,fusion_0p7_0p3,0.7,0.3,708.4775999992416,0.22702500000377768
gallagher_id2_q1,301,588,0.8613379013961133,0.8,0.013289036544850499,1,0.8,0.026578073089700997,2,fusion_0p5_0p5,0.5,0.5,630.3885999996055,0.2379699999892182
gallagher_id3_q1,216,588,0.8196114621421706,1.0,0.023148148148148147,0,1.0,0.046296296296296294,0,fusion_0p5_0p5,0.5,0.5,392.7340999998705,0.2379699999892182
gallagher_id1_q1,160,588,0.9285791496165505,0.8,0.025,1,0.9,0.05625,1,fusion_0p5_0p5,0.5,0.5,409.81680000004417,0.2379699999892182
gallagher_id8_q1,67,588,0.8983725290666917,1.0,0.07462686567164178,0,0.9,0.13432835820895522,1,fusion_0p5_0p5,0.5,0.5,367.0156999996834,0.2379699999892182
gallagher_id9_q1,28,588,0.9729072004295484,1.0,0.17857142857142858,0,1.0,0.35714285714285715,0,fusion_0p5_0p5,0.5,0.5,615.1903999998467,0.2379699999892182
gallagher_id5_q1,19,588,0.9880765988197036,1.0,0.2631578947368421,0,1.0,0.5263157894736842,0,fusion_0p5_0p5,0.5,0.5,433.7861999993038,0.2379699999892182
gallagher_id4_q1,14,588,0.5791721707025123,0.6,0.21428571428571427,2,0.6,0.42857142857142855,4,fusion_0p5_0p5,0.5,0.5,390.75169999978243,0.2379699999892182
gallagher_id6_q1,14,588,0.862983643340786,0.8,0.2857142857142857,1,0.9,0.6428571428571429,1,fusion_0p5_0p5,0.5,0.5,598.4210000005987,0.2379699999892182
gallagher_id15_q1,10,588,0.6445381544566307,0.8,0.4,1,0.7,0.7,3,fusion_0p5_0p5,0.5,0.5,408.42629999951896,0.2379699999892182
gallagher_id23_q1,8,588,0.8831845238095237,0.8,0.5,1,0.7,0.875,3,fusion_0p5_0p5,0.5,0.5,438.17179999950895,0.2379699999892182
gallagher_id12_q1,7,588,1.0,1.0,0.7142857142857143,0,0.7,1.0,3,fusion_0p5_0p5,0.5,0.5,448.38090000030206,0.2379699999892182
gallagher_id25_q1,7,588,0.536827122153209,0.6,0.42857142857142855,2,0.4,0.5714285714285714,6,fusion_0p5_0p5,0.5,0.5,654.0107000000717,0.2379699999892182
gallagher_id21_q1,6,588,0.7763278388278388,0.6,0.5,2,0.5,0.8333333333333334,5,fusion_0p5_0p5,0.5,0.5,457.35139999942476,0.2379699999892182
gallagher_id7_q1,5,588,1.0,1.0,1.0,0,0.5,1.0,5,fusion_0p5_0p5,0.5,0.5,387.8373000006832,0.2379699999892182
gallagher_id14_q1,4,588,0.2223935655539429,0.2,0.25,4,0.2,0.5,8,fusion_0p5_0p5,0.5,0.5,386.41260000076727,0.2379699999892182
gallagher_id19_q1,4,588,0.6791666666666667,0.8,1.0,1,0.4,1.0,6,fusion_0p5_0p5,0.5,0.5,391.2552000001597,0.2379699999892182
gallagher_id27_q1,4,588,0.8041666666666667,0.8,1.0,1,0.4,1.0,6,fusion_0p5_0p5,0.5,0.5,392.04349999999977,0.2379699999892182
gallagher_id32_q1,4,588,0.8928571428571428,0.6,0.75,2,0.4,1.0,6,fusion_0p5_0p5,0.5,0.5,475.61490000043705,0.2379699999892182
gallagher_id26_q1,3,588,0.9166666666666666,0.6,1.0,2,0.3,1.0,7,fusion_0p5_0p5,0.5,0.5,412.9371999997602,0.2379699999892182
gallagher_id28_q1,3,588,1.0,0.6,1.0,2,0.3,1.0,7,fusion_0p5_0p5,0.5,0.5,708.4775999992416,0.2379699999892182

